TIC_ID,clean_num_obs,no_flare_num_obs,raw_num_obs,no_flare_sigma,no_flare_diff_sigma,cdpp,top_ls_period,top_ls_power,fap_95,top_ls_period_sub_harmonic,top_ls_period_harmonic,second_ls_period,third_ls_period,fourth_ls_period,fifth_ls_period,second_ls_power,third_ls_power,fourth_ls_power,fifth_ls_power,ab,mass,mass_min,mass_max,radius,radius_min,radius_max,num_sectors
TIC_190885165,25460,25466,25568,0.017367980645920007,0.014102858192417462,4703.134110453115 ppm,3.322758582903464,0.31413708461122686,4.400802366053335e-278,1.661379291451732,6.645517165806928,3.279486988230253,3.367187350803951,3.237327939082056,3.4128203388583245,0.3119116652358998,0.23001553060211985,0.2260425850510731,0.11598757047640304,"(0.1533,0.4776)",0.442835,0.0203203,0.0203203,0.44653,0.0133312,0.0133312,1
TIC_171773770,10479,10490,10676,0.015238347204501719,0.0068768752024626414,1229.8162744805315 ppm,4.5620799627939785,0.6996266258824039,6.974098141026703e-112,2.2810399813969893,9.124159925587957,4.726530452516603,4.408688180471522,3.568740539264023,3.474182720010579,0.6451810232330113,0.6206641746704575,0.4750559350215824,0.46421742413273737,"(0.1618,0.47)",0.489723,0.020383,0.020383,0.49163,0.0147395,0.0147395,1
TIC_408411330,11143,11155,11226,0.004582219731765283,0.006001542115410997,1133.4932191432129 ppm,4.897993954585502,0.040996114683860614,3.517376894792961e-119,2.448996977292751,9.795987909171004,4.700156418925585,5.113217948881862,3.78328105267225,4.5176803372662215,0.03855325562929081,0.034542704329056484,0.02717215615001007,0.02645806676720121,"(0.1606,0.4974)",0.441886,0.0204727,0.0204727,0.445648,0.0135061,0.0135061,1
