TIC_ID,PER,SDE
TIC_422692632,4.130465075122338,9.54632961947125
TIC_359892714,0.9440015810034732,18.79283253656405
TIC_363782768,10.345440746531597,5.1264341357090455
