TIC_ID,SDE,period,T0,duration,depth,rp_rs,snr,ls_top_period_test,Even-Odd Flag,lc_sigma,transit_sigma
TIC_190885165,33.387332540835196,1.6489020491853696,1712.9814462450458,0.030382506621928238,0.9386665922942078,0.2309050266205679,137.4381160260628,False,False,0.010039999454674108,0.01659987068302162
TIC_171773770,5.2630948177903525,1.6779757068366676,2665.3744596979154,0.0499579864242525,0.9980506778209363,0.04112775014731021,7.123038076774174,False,False,0.005243207704974282,0.005340649312896144
TIC_408411330,4.5612822770928565,7.354688843894962,2454.454581875775,0.04560390163536753,0.9939911759439777,0.07203485379068716,11.382092845625627,False,True,0.004329395948374056,0.005156135810212964
